{
  "metadata": {
    "target_cities": 200,
    "target_venues_per_city": 20,
    "total_target": 4000,
    "status": "in_progress",
    "priority_regions": ["Australia", "New Zealand"]
  },
  "cities": [
    {
      "city": "Sydney",
      "country": "Australia",
      "code": "AU",
      "venues": [
        {"title": "Sydney Opera House", "subcategory": "theatres-concert-halls"},
        {"title": "Sydney Harbour Bridge", "subcategory": "landmarks"},
        {"title": "Bondi Beach", "subcategory": "parks-nature"},
        {"title": "Taronga Zoo", "subcategory": "zoos-aquariums-wildlife"},
        {"title": "Royal Botanic Garden, Sydney", "subcategory": "parks-nature"},
        {"title": "Luna Park Sydney", "subcategory": "theme-parks-attractions"},
        {"title": "Art Gallery of New South Wales", "subcategory": "museums-galleries"},
        {"title": "Australian Museum", "subcategory": "museums-galleries"},
        {"title": "Sydney Cricket Ground", "subcategory": "stadiums-arenas"},
        {"title": "Museum of Sydney", "subcategory": "museums-galleries"},
        {"title": "Darling Harbour", "subcategory": "landmarks"},
        {"title": "The Rocks, Sydney", "subcategory": "landmarks"},
        {"title": "Sydney Tower", "subcategory": "landmarks"},
        {"title": "Queen Victoria Building", "subcategory": "landmarks"},
        {"title": "Manly Beach", "subcategory": "parks-nature"},
        {"title": "Powerhouse Museum", "subcategory": "museums-galleries"},
        {"title": "Sydney Fish Market", "subcategory": "landmarks"},
        {"title": "Centennial Park, New South Wales", "subcategory": "parks-nature"},
        {"title": "Blue Mountains National Park", "subcategory": "parks-nature"},
        {"title": "SEA LIFE Sydney Aquarium", "subcategory": "zoos-aquariums-wildlife"}
      ]
    },
    {
      "city": "Melbourne",
      "country": "Australia",
      "code": "AU",
      "venues": [
        {"title": "Melbourne Cricket Ground", "subcategory": "stadiums-arenas"},
        {"title": "Federation Square", "subcategory": "landmarks"},
        {"title": "National Gallery of Victoria", "subcategory": "museums-galleries"},
        {"title": "Melbourne Museum", "subcategory": "museums-galleries"},
        {"title": "Queen Victoria Market", "subcategory": "landmarks"},
        {"title": "Royal Botanic Gardens Victoria", "subcategory": "parks-nature"},
        {"title": "St Paul's Cathedral, Melbourne", "subcategory": "landmarks"},
        {"title": "Flinders Street railway station", "subcategory": "landmarks"},
        {"title": "Melbourne Zoo", "subcategory": "zoos-aquariums-wildlife"},
        {"title": "Eureka Tower", "subcategory": "landmarks"},
        {"title": "Melbourne Aquarium", "subcategory": "zoos-aquariums-wildlife"},
        {"title": "Shrine of Remembrance", "subcategory": "landmarks"},
        {"title": "State Library Victoria", "subcategory": "museums-galleries"},
        {"title": "Luna Park Melbourne", "subcategory": "theme-parks-attractions"},
        {"title": "Brighton Beach, Victoria", "subcategory": "parks-nature"},
        {"title": "Great Ocean Road", "subcategory": "parks-nature"},
        {"title": "Twelve Apostles", "subcategory": "landmarks"},
        {"title": "Phillip Island", "subcategory": "parks-nature"},
        {"title": "Healesville Sanctuary", "subcategory": "zoos-aquariums-wildlife"},
        {"title": "Docklands, Victoria", "subcategory": "landmarks"}
      ]
    },
    {
      "city": "Brisbane",
      "country": "Australia",
      "code": "AU",
      "venues": [
        {"title": "South Bank Parklands", "subcategory": "parks-nature"},
        {"title": "Lone Pine Koala Sanctuary", "subcategory": "zoos-aquariums-wildlife"},
        {"title": "Queensland Art Gallery", "subcategory": "museums-galleries"},
        {"title": "Brisbane City Hall", "subcategory": "landmarks"},
        {"title": "Story Bridge", "subcategory": "landmarks"},
        {"title": "Queensland Museum", "subcategory": "museums-galleries"},
        {"title": "Brisbane Botanic Gardens", "subcategory": "parks-nature"},
        {"title": "Wheel of Brisbane", "subcategory": "theme-parks-attractions"},
        {"title": "The Gabba", "subcategory": "stadiums-arenas"},
        {"title": "Howard Smith Wharves", "subcategory": "landmarks"},
        {"title": "Kangaroo Point Cliffs", "subcategory": "parks-nature"},
        {"title": "Mount Coot-tha", "subcategory": "parks-nature"},
        {"title": "Suncorp Stadium", "subcategory": "stadiums-arenas"},
        {"title": "Streets Beach", "subcategory": "parks-nature"},
        {"title": "Queensland Performing Arts Centre", "subcategory": "theatres-concert-halls"},
        {"title": "Roma Street Parkland", "subcategory": "parks-nature"},
        {"title": "Newstead House", "subcategory": "museums-galleries"},
        {"title": "Brisbane Powerhouse", "subcategory": "theatres-concert-halls"},
        {"title": "Sir Thomas Brisbane Planetarium", "subcategory": "museums-galleries"},
        {"title": "Treasury Casino", "subcategory": "landmarks"}
      ]
    },
    {
      "city": "Gold Coast",
      "country": "Australia",
      "code": "AU",
      "venues": [
        {"title": "Dreamworld", "subcategory": "theme-parks-attractions"},
        {"title": "Warner Bros. Movie World", "subcategory": "theme-parks-attractions"},
        {"title": "Sea World (Australia)", "subcategory": "theme-parks-attractions"},
        {"title": "Wet'n'Wild Gold Coast", "subcategory": "theme-parks-attractions"},
        {"title": "WhiteWater World", "subcategory": "theme-parks-attractions"},
        {"title": "Currumbin Wildlife Sanctuary", "subcategory": "zoos-aquariums-wildlife"},
        {"title": "SkyPoint Observation Deck", "subcategory": "landmarks"},
        {"title": "Surfers Paradise, Queensland", "subcategory": "parks-nature"},
        {"title": "Burleigh Heads, Queensland", "subcategory": "parks-nature"},
        {"title": "Springbrook National Park", "subcategory": "parks-nature"},
        {"title": "Tamborine Mountain", "subcategory": "parks-nature"},
        {"title": "Paradise Country", "subcategory": "zoos-aquariums-wildlife"},
        {"title": "Infinity Attraction", "subcategory": "theme-parks-attractions"},
        {"title": "Broadbeach, Queensland", "subcategory": "parks-nature"},
        {"title": "Coolangatta", "subcategory": "parks-nature"},
        {"title": "David Fleay Wildlife Park", "subcategory": "zoos-aquariums-wildlife"},
        {"title": "Lamington National Park", "subcategory": "parks-nature"},
        {"title": "Spit, Queensland", "subcategory": "parks-nature"},
        {"title": "Cbus Super Stadium", "subcategory": "stadiums-arenas"},
        {"title": "HOTA, Home of the Arts", "subcategory": "theatres-concert-halls"}
      ]
    },
    {
      "city": "Perth",
      "country": "Australia",
      "code": "AU",
      "venues": [
        {"title": "Kings Park, Western Australia", "subcategory": "parks-nature"},
        {"title": "Rottnest Island", "subcategory": "parks-nature"},
        {"title": "Fremantle Prison", "subcategory": "landmarks"},
        {"title": "Perth Mint", "subcategory": "museums-galleries"},
        {"title": "Cottesloe Beach", "subcategory": "parks-nature"},
        {"title": "Bell Tower, Perth", "subcategory": "landmarks"},
        {"title": "Optus Stadium", "subcategory": "stadiums-arenas"},
        {"title": "Perth Zoo", "subcategory": "zoos-aquariums-wildlife"},
        {"title": "Elizabeth Quay", "subcategory": "landmarks"},
        {"title": "Fremantle", "subcategory": "landmarks"},
        {"title": "Art Gallery of Western Australia", "subcategory": "museums-galleries"},
        {"title": "Western Australian Museum", "subcategory": "museums-galleries"},
        {"title": "Scarborough Beach, Western Australia", "subcategory": "parks-nature"},
        {"title": "Swan Valley", "subcategory": "parks-nature"},
        {"title": "Penguin Island, Western Australia", "subcategory": "parks-nature"},
        {"title": "Caversham Wildlife Park", "subcategory": "zoos-aquariums-wildlife"},
        {"title": "Pinnacles Desert", "subcategory": "parks-nature"},
        {"title": "Yanchep National Park", "subcategory": "parks-nature"},
        {"title": "Hillary's Boat Harbour", "subcategory": "landmarks"},
        {"title": "Adventure World, Perth", "subcategory": "theme-parks-attractions"}
      ]
    },
    {
      "city": "Adelaide",
      "country": "Australia",
      "code": "AU",
      "venues": [
        {"title": "Adelaide Oval", "subcategory": "stadiums-arenas"},
        {"title": "South Australian Museum", "subcategory": "museums-galleries"},
        {"title": "Art Gallery of South Australia", "subcategory": "museums-galleries"},
        {"title": "Adelaide Botanic Garden", "subcategory": "parks-nature"},
        {"title": "Adelaide Central Market", "subcategory": "landmarks"},
        {"title": "Glenelg, South Australia", "subcategory": "parks-nature"},
        {"title": "Adelaide Zoo", "subcategory": "zoos-aquariums-wildlife"},
        {"title": "North Terrace, Adelaide", "subcategory": "landmarks"},
        {"title": "Tandanya National Aboriginal Cultural Institute", "subcategory": "museums-galleries"},
        {"title": "National Wine Centre of Australia", "subcategory": "landmarks"},
        {"title": "Adelaide Festival Centre", "subcategory": "theatres-concert-halls"},
        {"title": "Cleland Wildlife Park", "subcategory": "zoos-aquariums-wildlife"},
        {"title": "Mount Lofty", "subcategory": "parks-nature"},
        {"title": "Barossa Valley", "subcategory": "landmarks"},
        {"title": "Hahndorf", "subcategory": "landmarks"},
        {"title": "Adelaide Hills", "subcategory": "parks-nature"},
        {"title": "Rundle Mall", "subcategory": "landmarks"},
        {"title": "Adelaide Gaol", "subcategory": "museums-galleries"},
        {"title": "Semaphore, South Australia", "subcategory": "parks-nature"},
        {"title": "Monarto Safari Park", "subcategory": "zoos-aquariums-wildlife"}
      ]
    },
    {
      "city": "Cairns",
      "country": "Australia",
      "code": "AU",
      "venues": [
        {"title": "Great Barrier Reef", "subcategory": "parks-nature"},
        {"title": "Kuranda Scenic Railway", "subcategory": "landmarks"},
        {"title": "Cairns Esplanade", "subcategory": "parks-nature"},
        {"title": "Daintree National Park", "subcategory": "parks-nature"},
        {"title": "Skyrail Rainforest Cableway", "subcategory": "theme-parks-attractions"},
        {"title": "Cairns Aquarium", "subcategory": "zoos-aquariums-wildlife"},
        {"title": "Tjapukai Aboriginal Cultural Park", "subcategory": "museums-galleries"},
        {"title": "Green Island", "subcategory": "parks-nature"},
        {"title": "Fitzroy Island", "subcategory": "parks-nature"},
        {"title": "Cairns Botanic Gardens", "subcategory": "parks-nature"},
        {"title": "Cairns Zoom and Wildlife Dome", "subcategory": "zoos-aquariums-wildlife"},
        {"title": "Palm Cove, Queensland", "subcategory": "parks-nature"},
        {"title": "Port Douglas", "subcategory": "landmarks"},
        {"title": "Hartley's Crocodile Adventures", "subcategory": "zoos-aquariums-wildlife"},
        {"title": "Cairns Museum", "subcategory": "museums-galleries"},
        {"title": "Muddy's Playground", "subcategory": "parks-nature"},
        {"title": "Crystal Cascades", "subcategory": "parks-nature"},
        {"title": "Mossman Gorge", "subcategory": "parks-nature"},
        {"title": "Cairns Performing Arts Centre", "subcategory": "theatres-concert-halls"},
        {"title": "Reef Fleet Terminal", "subcategory": "landmarks"}
      ]
    },
    {
      "city": "Hobart",
      "country": "Australia",
      "code": "AU",
      "venues": [
        {"title": "MONA", "subcategory": "museums-galleries"},
        {"title": "Salamanca Market", "subcategory": "landmarks"},
        {"title": "Mount Wellington", "subcategory": "parks-nature"},
        {"title": "Port Arthur Historic Site", "subcategory": "landmarks"},
        {"title": "Tasmanian Museum and Art Gallery", "subcategory": "museums-galleries"},
        {"title": "Royal Tasmanian Botanical Gardens", "subcategory": "parks-nature"},
        {"title": "Bruny Island", "subcategory": "parks-nature"},
        {"title": "Battery Point", "subcategory": "landmarks"},
        {"title": "Constitution Dock", "subcategory": "landmarks"},
        {"title": "Cascade Brewery", "subcategory": "landmarks"},
        {"title": "Bonorong Wildlife Sanctuary", "subcategory": "zoos-aquariums-wildlife"},
        {"title": "Richmond, Tasmania", "subcategory": "landmarks"},
        {"title": "Freycinet National Park", "subcategory": "parks-nature"},
        {"title": "Cradle Mountain", "subcategory": "parks-nature"},
        {"title": "Salamanca Place", "subcategory": "landmarks"},
        {"title": "Theatre Royal, Hobart", "subcategory": "theatres-concert-halls"},
        {"title": "Zoodoo Wildlife Park", "subcategory": "zoos-aquariums-wildlife"},
        {"title": "Hobart Convict Penitentiary", "subcategory": "museums-galleries"},
        {"title": "Blundstone Arena", "subcategory": "stadiums-arenas"},
        {"title": "Sandy Bay, Tasmania", "subcategory": "parks-nature"}
      ]
    },
    {
      "city": "Auckland",
      "country": "New Zealand",
      "code": "NZ",
      "venues": [
        {"title": "Sky Tower", "subcategory": "landmarks"},
        {"title": "Auckland War Memorial Museum", "subcategory": "museums-galleries"},
        {"title": "Auckland Zoo", "subcategory": "zoos-aquariums-wildlife"},
        {"title": "Kelly Tarlton's Sea Life Aquarium", "subcategory": "zoos-aquariums-wildlife"},
        {"title": "One Tree Hill, New Zealand", "subcategory": "parks-nature"},
        {"title": "Waiheke Island", "subcategory": "parks-nature"},
        {"title": "Rangitoto Island", "subcategory": "parks-nature"},
        {"title": "Auckland Art Gallery", "subcategory": "museums-galleries"},
        {"title": "Viaduct Harbour", "subcategory": "landmarks"},
        {"title": "Mount Eden", "subcategory": "parks-nature"},
        {"title": "Devonport, New Zealand", "subcategory": "landmarks"},
        {"title": "Auckland Domain", "subcategory": "parks-nature"},
        {"title": "New Zealand Maritime Museum", "subcategory": "museums-galleries"},
        {"title": "Rainbow's End", "subcategory": "theme-parks-attractions"},
        {"title": "Mission Bay, New Zealand", "subcategory": "parks-nature"},
        {"title": "Piha", "subcategory": "parks-nature"},
        {"title": "Eden Park", "subcategory": "stadiums-arenas"},
        {"title": "Stardome Observatory", "subcategory": "museums-galleries"},
        {"title": "MOTAT", "subcategory": "museums-galleries"},
        {"title": "Tiritiri Matangi", "subcategory": "parks-nature"}
      ]
    },
    {
      "city": "Wellington",
      "country": "New Zealand",
      "code": "NZ",
      "venues": [
        {"title": "Te Papa Tongarewa", "subcategory": "museums-galleries"},
        {"title": "Wellington Cable Car", "subcategory": "landmarks"},
        {"title": "Zealandia (wildlife sanctuary)", "subcategory": "zoos-aquariums-wildlife"},
        {"title": "Wellington Botanic Garden", "subcategory": "parks-nature"},
        {"title": "Cuba Street", "subcategory": "landmarks"},
        {"title": "Mount Victoria, Wellington", "subcategory": "parks-nature"},
        {"title": "Wellington Zoo", "subcategory": "zoos-aquariums-wildlife"},
        {"title": "Wellington Waterfront", "subcategory": "landmarks"},
        {"title": "New Zealand Parliament Buildings", "subcategory": "landmarks"},
        {"title": "Old St Paul's, Wellington", "subcategory": "landmarks"},
        {"title": "City Gallery Wellington", "subcategory": "museums-galleries"},
        {"title": "Oriental Bay", "subcategory": "parks-nature"},
        {"title": "Weta Workshop", "subcategory": "museums-galleries"},
        {"title": "Westpac Stadium", "subcategory": "stadiums-arenas"},
        {"title": "Carter Observatory", "subcategory": "museums-galleries"},
        {"title": "St James Theatre, Wellington", "subcategory": "theatres-concert-halls"},
        {"title": "Wellington Museum", "subcategory": "museums-galleries"},
        {"title": "Red Rocks, Wellington", "subcategory": "parks-nature"},
        {"title": "Makara Beach", "subcategory": "parks-nature"},
        {"title": "Te Ahumairangi Hill", "subcategory": "parks-nature"}
      ]
    },
    {
      "city": "Queenstown",
      "country": "New Zealand",
      "code": "NZ",
      "venues": [
        {"title": "Skyline Queenstown", "subcategory": "theme-parks-attractions"},
        {"title": "Lake Wakatipu", "subcategory": "parks-nature"},
        {"title": "Kawarau Bridge", "subcategory": "landmarks"},
        {"title": "The Remarkables", "subcategory": "parks-nature"},
        {"title": "TSS Earnslaw", "subcategory": "landmarks"},
        {"title": "Coronet Peak", "subcategory": "parks-nature"},
        {"title": "Milford Sound", "subcategory": "parks-nature"},
        {"title": "Shotover River", "subcategory": "parks-nature"},
        {"title": "Glenorchy", "subcategory": "parks-nature"},
        {"title": "Arrowtown", "subcategory": "landmarks"},
        {"title": "Queenstown Gardens", "subcategory": "parks-nature"},
        {"title": "Ben Lomond (New Zealand)", "subcategory": "parks-nature"},
        {"title": "Kiwi Birdlife Park", "subcategory": "zoos-aquariums-wildlife"},
        {"title": "Gibbston Valley", "subcategory": "landmarks"},
        {"title": "AJ Hackett Bungy", "subcategory": "theme-parks-attractions"},
        {"title": "Walter Peak", "subcategory": "parks-nature"},
        {"title": "Queenstown Hill", "subcategory": "parks-nature"},
        {"title": "Lake Hayes", "subcategory": "parks-nature"},
        {"title": "Deer Park Heights", "subcategory": "parks-nature"},
        {"title": "Onsen Hot Pools", "subcategory": "landmarks"}
      ]
    },
    {
      "city": "Rotorua",
      "country": "New Zealand",
      "code": "NZ",
      "venues": [
        {"title": "Te Puia", "subcategory": "landmarks"},
        {"title": "Wai-O-Tapu", "subcategory": "parks-nature"},
        {"title": "Hobbiton", "subcategory": "theme-parks-attractions"},
        {"title": "Redwoods Treewalk", "subcategory": "parks-nature"},
        {"title": "Rotorua Museum", "subcategory": "museums-galleries"},
        {"title": "Polynesian Spa", "subcategory": "landmarks"},
        {"title": "Skyline Rotorua", "subcategory": "theme-parks-attractions"},
        {"title": "Rainbow Springs Nature Park", "subcategory": "zoos-aquariums-wildlife"},
        {"title": "Government Gardens", "subcategory": "parks-nature"},
        {"title": "Kuirau Park", "subcategory": "parks-nature"},
        {"title": "Lake Rotorua", "subcategory": "parks-nature"},
        {"title": "Mitai Maori Village", "subcategory": "museums-galleries"},
        {"title": "Agrodome", "subcategory": "zoos-aquariums-wildlife"},
        {"title": "Whakarewarewa", "subcategory": "landmarks"},
        {"title": "Zorb Rotorua", "subcategory": "theme-parks-attractions"},
        {"title": "Blue Lake, Rotorua", "subcategory": "parks-nature"},
        {"title": "OGO Rotorua", "subcategory": "theme-parks-attractions"},
        {"title": "Hells Gate", "subcategory": "parks-nature"},
        {"title": "Paradise Valley Springs", "subcategory": "zoos-aquariums-wildlife"},
        {"title": "Hamurana Springs", "subcategory": "parks-nature"}
      ]
    },
    {
      "city": "Christchurch",
      "country": "New Zealand",
      "code": "NZ",
      "venues": [
        {"title": "Christchurch Botanic Gardens", "subcategory": "parks-nature"},
        {"title": "Canterbury Museum", "subcategory": "museums-galleries"},
        {"title": "Christchurch Gondola", "subcategory": "landmarks"},
        {"title": "International Antarctic Centre", "subcategory": "museums-galleries"},
        {"title": "Willowbank Wildlife Reserve", "subcategory": "zoos-aquariums-wildlife"},
        {"title": "Orana Wildlife Park", "subcategory": "zoos-aquariums-wildlife"},
        {"title": "Christchurch Art Gallery", "subcategory": "museums-galleries"},
        {"title": "Hagley Park", "subcategory": "parks-nature"},
        {"title": "Cardboard Cathedral", "subcategory": "landmarks"},
        {"title": "Quake City", "subcategory": "museums-galleries"},
        {"title": "New Regent Street", "subcategory": "landmarks"},
        {"title": "Christchurch Tramway", "subcategory": "landmarks"},
        {"title": "Akaroa", "subcategory": "parks-nature"},
        {"title": "Sumner Beach", "subcategory": "parks-nature"},
        {"title": "Port Hills", "subcategory": "parks-nature"},
        {"title": "Lyttelton, New Zealand", "subcategory": "landmarks"},
        {"title": "Isaac Theatre Royal", "subcategory": "theatres-concert-halls"},
        {"title": "Air Force Museum of New Zealand", "subcategory": "museums-galleries"},
        {"title": "Christchurch Casino", "subcategory": "landmarks"},
        {"title": "Te Pae Convention Centre", "subcategory": "theatres-concert-halls"}
      ]
    },
    {
      "city": "London",
      "country": "United Kingdom",
      "code": "GB",
      "venues": [
        {"title": "British Museum", "subcategory": "museums-galleries"},
        {"title": "Tower of London", "subcategory": "landmarks"},
        {"title": "Buckingham Palace", "subcategory": "landmarks"},
        {"title": "Westminster Abbey", "subcategory": "landmarks"},
        {"title": "Big Ben", "subcategory": "landmarks"},
        {"title": "London Eye", "subcategory": "landmarks"},
        {"title": "Natural History Museum, London", "subcategory": "museums-galleries"},
        {"title": "Tate Modern", "subcategory": "museums-galleries"},
        {"title": "St Paul's Cathedral", "subcategory": "landmarks"},
        {"title": "Tower Bridge", "subcategory": "landmarks"},
        {"title": "Hyde Park, London", "subcategory": "parks-nature"},
        {"title": "Kensington Palace", "subcategory": "landmarks"},
        {"title": "Victoria and Albert Museum", "subcategory": "museums-galleries"},
        {"title": "National Gallery", "subcategory": "museums-galleries"},
        {"title": "Wembley Stadium", "subcategory": "stadiums-arenas"},
        {"title": "London Zoo", "subcategory": "zoos-aquariums-wildlife"},
        {"title": "Royal Albert Hall", "subcategory": "theatres-concert-halls"},
        {"title": "Shakespeare's Globe", "subcategory": "theatres-concert-halls"},
        {"title": "Madame Tussauds", "subcategory": "museums-galleries"},
        {"title": "The Shard", "subcategory": "landmarks"}
      ]
    },
    {
      "city": "Paris",
      "country": "France",
      "code": "FR",
      "venues": [
        {"title": "Eiffel Tower", "subcategory": "landmarks"},
        {"title": "Louvre", "subcategory": "museums-galleries"},
        {"title": "Notre-Dame de Paris", "subcategory": "landmarks"},
        {"title": "Arc de Triomphe", "subcategory": "landmarks"},
        {"title": "Palace of Versailles", "subcategory": "landmarks"},
        {"title": "Musée d'Orsay", "subcategory": "museums-galleries"},
        {"title": "Sacré-Cœur, Paris", "subcategory": "landmarks"},
        {"title": "Champs-Élysées", "subcategory": "landmarks"},
        {"title": "Montmartre", "subcategory": "landmarks"},
        {"title": "Centre Pompidou", "subcategory": "museums-galleries"},
        {"title": "Jardin du Luxembourg", "subcategory": "parks-nature"},
        {"title": "Musée Rodin", "subcategory": "museums-galleries"},
        {"title": "Palais Garnier", "subcategory": "theatres-concert-halls"},
        {"title": "Moulin Rouge", "subcategory": "theatres-concert-halls"},
        {"title": "Disneyland Paris", "subcategory": "theme-parks-attractions"},
        {"title": "Jardin des Tuileries", "subcategory": "parks-nature"},
        {"title": "Panthéon, Paris", "subcategory": "landmarks"},
        {"title": "Stade de France", "subcategory": "stadiums-arenas"},
        {"title": "Parc des Princes", "subcategory": "stadiums-arenas"},
        {"title": "Catacombs of Paris", "subcategory": "museums-galleries"}
      ]
    },
    {
      "city": "Rome",
      "country": "Italy",
      "code": "IT",
      "venues": [
        {"title": "Colosseum", "subcategory": "landmarks"},
        {"title": "Pantheon, Rome", "subcategory": "landmarks"},
        {"title": "Trevi Fountain", "subcategory": "landmarks"},
        {"title": "Vatican Museums", "subcategory": "museums-galleries"},
        {"title": "St. Peter's Basilica", "subcategory": "landmarks"},
        {"title": "Sistine Chapel", "subcategory": "museums-galleries"},
        {"title": "Roman Forum", "subcategory": "landmarks"},
        {"title": "Castel Sant'Angelo", "subcategory": "landmarks"},
        {"title": "Spanish Steps", "subcategory": "landmarks"},
        {"title": "Piazza Navona", "subcategory": "landmarks"},
        {"title": "Villa Borghese gardens", "subcategory": "parks-nature"},
        {"title": "Borghese Gallery", "subcategory": "museums-galleries"},
        {"title": "Palatine Hill", "subcategory": "landmarks"},
        {"title": "Trastevere", "subcategory": "landmarks"},
        {"title": "Campo de' Fiori", "subcategory": "landmarks"},
        {"title": "Capitoline Museums", "subcategory": "museums-galleries"},
        {"title": "Stadio Olimpico", "subcategory": "stadiums-arenas"},
        {"title": "Appian Way", "subcategory": "landmarks"},
        {"title": "Catacombs of Rome", "subcategory": "landmarks"},
        {"title": "Bioparco di Roma", "subcategory": "zoos-aquariums-wildlife"}
      ]
    },
    {
      "city": "Venice",
      "country": "Italy",
      "code": "IT",
      "venues": [
        {"title": "St Mark's Basilica", "subcategory": "landmarks"},
        {"title": "Doge's Palace", "subcategory": "landmarks"},
        {"title": "Grand Canal", "subcategory": "landmarks"},
        {"title": "Rialto Bridge", "subcategory": "landmarks"},
        {"title": "St Mark's Square", "subcategory": "landmarks"},
        {"title": "Bridge of Sighs", "subcategory": "landmarks"},
        {"title": "Gallerie dell'Accademia", "subcategory": "museums-galleries"},
        {"title": "Murano", "subcategory": "landmarks"},
        {"title": "Burano", "subcategory": "landmarks"},
        {"title": "St Mark's Campanile", "subcategory": "landmarks"},
        {"title": "Santa Maria della Salute", "subcategory": "landmarks"},
        {"title": "Peggy Guggenheim Collection", "subcategory": "museums-galleries"},
        {"title": "Teatro La Fenice", "subcategory": "theatres-concert-halls"},
        {"title": "Ca' d'Oro", "subcategory": "museums-galleries"},
        {"title": "Piazza San Marco", "subcategory": "landmarks"},
        {"title": "Lido di Venezia", "subcategory": "parks-nature"},
        {"title": "Jewish Ghetto, Venice", "subcategory": "landmarks"},
        {"title": "Scuola Grande di San Rocco", "subcategory": "museums-galleries"},
        {"title": "Basilica di Santa Maria Gloriosa dei Frari", "subcategory": "landmarks"},
        {"title": "Arsenale di Venezia", "subcategory": "landmarks"}
      ]
    },
    {
      "city": "Barcelona",
      "country": "Spain",
      "code": "ES",
      "venues": [
        {"title": "Sagrada Família", "subcategory": "landmarks"},
        {"title": "Park Güell", "subcategory": "parks-nature"},
        {"title": "Casa Batlló", "subcategory": "landmarks"},
        {"title": "Casa Milà", "subcategory": "landmarks"},
        {"title": "La Rambla, Barcelona", "subcategory": "landmarks"},
        {"title": "Camp Nou", "subcategory": "stadiums-arenas"},
        {"title": "Gothic Quarter, Barcelona", "subcategory": "landmarks"},
        {"title": "Barcelona Cathedral", "subcategory": "landmarks"},
        {"title": "Picasso Museum", "subcategory": "museums-galleries"},
        {"title": "Barceloneta", "subcategory": "parks-nature"},
        {"title": "Montjuïc", "subcategory": "parks-nature"},
        {"title": "National Art Museum of Catalonia", "subcategory": "museums-galleries"},
        {"title": "Magic Fountain of Montjuïc", "subcategory": "landmarks"},
        {"title": "Ciutadella Park", "subcategory": "parks-nature"},
        {"title": "Hospital de Sant Pau", "subcategory": "landmarks"},
        {"title": "Barcelona Zoo", "subcategory": "zoos-aquariums-wildlife"},
        {"title": "Palau de la Música Catalana", "subcategory": "theatres-concert-halls"},
        {"title": "Tibidabo Amusement Park", "subcategory": "theme-parks-attractions"},
        {"title": "PortAventura World", "subcategory": "theme-parks-attractions"},
        {"title": "Barcelona Aquarium", "subcategory": "zoos-aquariums-wildlife"}
      ]
    },
    {
      "city": "Madrid",
      "country": "Spain",
      "code": "ES",
      "venues": [
        {"title": "Museo del Prado", "subcategory": "museums-galleries"},
        {"title": "Royal Palace of Madrid", "subcategory": "landmarks"},
        {"title": "Retiro Park", "subcategory": "parks-nature"},
        {"title": "Museo Nacional Centro de Arte Reina Sofía", "subcategory": "museums-galleries"},
        {"title": "Plaza Mayor, Madrid", "subcategory": "landmarks"},
        {"title": "Puerta del Sol", "subcategory": "landmarks"},
        {"title": "Gran Vía, Madrid", "subcategory": "landmarks"},
        {"title": "Santiago Bernabéu Stadium", "subcategory": "stadiums-arenas"},
        {"title": "Thyssen-Bornemisza Museum", "subcategory": "museums-galleries"},
        {"title": "Temple of Debod", "subcategory": "landmarks"},
        {"title": "Almudena Cathedral", "subcategory": "landmarks"},
        {"title": "Cibeles Fountain", "subcategory": "landmarks"},
        {"title": "Madrid Zoo", "subcategory": "zoos-aquariums-wildlife"},
        {"title": "Warner Bros. Park Madrid", "subcategory": "theme-parks-attractions"},
        {"title": "Parque de Atracciones de Madrid", "subcategory": "theme-parks-attractions"},
        {"title": "Teatro Real", "subcategory": "theatres-concert-halls"},
        {"title": "El Rastro", "subcategory": "landmarks"},
        {"title": "CaixaForum Madrid", "subcategory": "museums-galleries"},
        {"title": "Casa de Campo", "subcategory": "parks-nature"},
        {"title": "Wanda Metropolitano", "subcategory": "stadiums-arenas"}
      ]
    },
    {
      "city": "Berlin",
      "country": "Germany",
      "code": "DE",
      "venues": [
        {"title": "Brandenburg Gate", "subcategory": "landmarks"},
        {"title": "Reichstag building", "subcategory": "landmarks"},
        {"title": "Berlin Wall", "subcategory": "landmarks"},
        {"title": "Checkpoint Charlie", "subcategory": "landmarks"},
        {"title": "Museum Island", "subcategory": "museums-galleries"},
        {"title": "Pergamon Museum", "subcategory": "museums-galleries"},
        {"title": "Berlin Cathedral", "subcategory": "landmarks"},
        {"title": "Berlin Television Tower", "subcategory": "landmarks"},
        {"title": "Charlottenburg Palace", "subcategory": "landmarks"},
        {"title": "East Side Gallery", "subcategory": "museums-galleries"},
        {"title": "Memorial to the Murdered Jews of Europe", "subcategory": "landmarks"},
        {"title": "Tiergarten", "subcategory": "parks-nature"},
        {"title": "Potsdamer Platz", "subcategory": "landmarks"},
        {"title": "Berlin Zoo", "subcategory": "zoos-aquariums-wildlife"},
        {"title": "Olympiastadion Berlin", "subcategory": "stadiums-arenas"},
        {"title": "DDR Museum", "subcategory": "museums-galleries"},
        {"title": "Neues Museum", "subcategory": "museums-galleries"},
        {"title": "Berlin Philharmonie", "subcategory": "theatres-concert-halls"},
        {"title": "Topography of Terror", "subcategory": "museums-galleries"},
        {"title": "Victory Column, Berlin", "subcategory": "landmarks"}
      ]
    },
    {
      "city": "Amsterdam",
      "country": "Netherlands",
      "code": "NL",
      "venues": [
        {"title": "Van Gogh Museum", "subcategory": "museums-galleries"},
        {"title": "Anne Frank House", "subcategory": "museums-galleries"},
        {"title": "Rijksmuseum", "subcategory": "museums-galleries"},
        {"title": "Royal Palace of Amsterdam", "subcategory": "landmarks"},
        {"title": "Vondelpark", "subcategory": "parks-nature"},
        {"title": "Jordaan", "subcategory": "landmarks"},
        {"title": "Dam Square", "subcategory": "landmarks"},
        {"title": "Heineken Experience", "subcategory": "museums-galleries"},
        {"title": "Madame Tussauds Amsterdam", "subcategory": "museums-galleries"},
        {"title": "NEMO Science Museum", "subcategory": "museums-galleries"},
        {"title": "Amsterdam Canal Ring", "subcategory": "landmarks"},
        {"title": "Stedelijk Museum Amsterdam", "subcategory": "museums-galleries"},
        {"title": "Artis", "subcategory": "zoos-aquariums-wildlife"},
        {"title": "Rembrandt House Museum", "subcategory": "museums-galleries"},
        {"title": "A'DAM Lookout", "subcategory": "landmarks"},
        {"title": "Bloemenmarkt", "subcategory": "landmarks"},
        {"title": "Concertgebouw", "subcategory": "theatres-concert-halls"},
        {"title": "Keukenhof", "subcategory": "parks-nature"},
        {"title": "Johan Cruyff Arena", "subcategory": "stadiums-arenas"},
        {"title": "Zaanse Schans", "subcategory": "landmarks"}
      ]
    },
    {
      "city": "Vienna",
      "country": "Austria",
      "code": "AT",
      "venues": [
        {"title": "Schönbrunn Palace", "subcategory": "landmarks"},
        {"title": "St. Stephen's Cathedral, Vienna", "subcategory": "landmarks"},
        {"title": "Hofburg", "subcategory": "landmarks"},
        {"title": "Belvedere, Vienna", "subcategory": "museums-galleries"},
        {"title": "Vienna State Opera", "subcategory": "theatres-concert-halls"},
        {"title": "Kunsthistorisches Museum", "subcategory": "museums-galleries"},
        {"title": "Prater", "subcategory": "theme-parks-attractions"},
        {"title": "Wiener Riesenrad", "subcategory": "landmarks"},
        {"title": "Albertina", "subcategory": "museums-galleries"},
        {"title": "Musikverein", "subcategory": "theatres-concert-halls"},
        {"title": "Spanish Riding School", "subcategory": "museums-galleries"},
        {"title": "Vienna Zoo", "subcategory": "zoos-aquariums-wildlife"},
        {"title": "Ringstraße", "subcategory": "landmarks"},
        {"title": "Naschmarkt", "subcategory": "landmarks"},
        {"title": "Leopold Museum", "subcategory": "museums-galleries"},
        {"title": "Natural History Museum, Vienna", "subcategory": "museums-galleries"},
        {"title": "Hundertwasserhaus", "subcategory": "landmarks"},
        {"title": "Stadtpark, Vienna", "subcategory": "parks-nature"},
        {"title": "Austrian Parliament Building", "subcategory": "landmarks"},
        {"title": "Burgtheater", "subcategory": "theatres-concert-halls"}
      ]
    },
    {
      "city": "Prague",
      "country": "Czech Republic",
      "code": "CZ",
      "venues": [
        {"title": "Charles Bridge", "subcategory": "landmarks"},
        {"title": "Prague Castle", "subcategory": "landmarks"},
        {"title": "Old Town Square", "subcategory": "landmarks"},
        {"title": "Prague astronomical clock", "subcategory": "landmarks"},
        {"title": "St. Vitus Cathedral", "subcategory": "landmarks"},
        {"title": "Wenceslas Square", "subcategory": "landmarks"},
        {"title": "Jewish Quarter, Prague", "subcategory": "landmarks"},
        {"title": "Petřín", "subcategory": "parks-nature"},
        {"title": "Lennon Wall", "subcategory": "landmarks"},
        {"title": "Dancing House", "subcategory": "landmarks"},
        {"title": "National Museum, Prague", "subcategory": "museums-galleries"},
        {"title": "Vyšehrad", "subcategory": "landmarks"},
        {"title": "Prague Zoo", "subcategory": "zoos-aquariums-wildlife"},
        {"title": "National Theatre, Prague", "subcategory": "theatres-concert-halls"},
        {"title": "Strahov Monastery", "subcategory": "landmarks"},
        {"title": "Old Jewish Cemetery, Prague", "subcategory": "landmarks"},
        {"title": "Municipal House, Prague", "subcategory": "landmarks"},
        {"title": "National Gallery Prague", "subcategory": "museums-galleries"},
        {"title": "Wallenstein Palace", "subcategory": "landmarks"},
        {"title": "Prague Botanical Garden", "subcategory": "parks-nature"}
      ]
    },
    {
      "city": "New York City",
      "country": "United States",
      "code": "US",
      "venues": [
        {"title": "Statue of Liberty", "subcategory": "landmarks"},
        {"title": "Empire State Building", "subcategory": "landmarks"},
        {"title": "Central Park", "subcategory": "parks-nature"},
        {"title": "Metropolitan Museum of Art", "subcategory": "museums-galleries"},
        {"title": "Times Square", "subcategory": "landmarks"},
        {"title": "Brooklyn Bridge", "subcategory": "landmarks"},
        {"title": "One World Trade Center", "subcategory": "landmarks"},
        {"title": "Rockefeller Center", "subcategory": "landmarks"},
        {"title": "Broadway theatre", "subcategory": "theatres-concert-halls"},
        {"title": "Madison Square Garden", "subcategory": "stadiums-arenas"},
        {"title": "Bronx Zoo", "subcategory": "zoos-aquariums-wildlife"},
        {"title": "American Museum of Natural History", "subcategory": "museums-galleries"},
        {"title": "Grand Central Terminal", "subcategory": "landmarks"},
        {"title": "High Line", "subcategory": "parks-nature"},
        {"title": "Yankee Stadium", "subcategory": "stadiums-arenas"},
        {"title": "Museum of Modern Art", "subcategory": "museums-galleries"},
        {"title": "9/11 Memorial", "subcategory": "landmarks"},
        {"title": "New York Botanical Garden", "subcategory": "parks-nature"},
        {"title": "Coney Island", "subcategory": "theme-parks-attractions"},
        {"title": "Solomon R. Guggenheim Museum", "subcategory": "museums-galleries"}
      ]
    },
    {
      "city": "Los Angeles",
      "country": "United States",
      "code": "US",
      "venues": [
        {"title": "Universal Studios Hollywood", "subcategory": "theme-parks-attractions"},
        {"title": "Hollywood Sign", "subcategory": "landmarks"},
        {"title": "Griffith Observatory", "subcategory": "museums-galleries"},
        {"title": "Santa Monica Pier", "subcategory": "landmarks"},
        {"title": "Hollywood Walk of Fame", "subcategory": "landmarks"},
        {"title": "Getty Center", "subcategory": "museums-galleries"},
        {"title": "Venice Beach", "subcategory": "parks-nature"},
        {"title": "Disneyland", "subcategory": "theme-parks-attractions"},
        {"title": "Los Angeles County Museum of Art", "subcategory": "museums-galleries"},
        {"title": "TCL Chinese Theatre", "subcategory": "landmarks"},
        {"title": "Los Angeles Zoo", "subcategory": "zoos-aquariums-wildlife"},
        {"title": "Dodger Stadium", "subcategory": "stadiums-arenas"},
        {"title": "SoFi Stadium", "subcategory": "stadiums-arenas"},
        {"title": "Hollywood Bowl", "subcategory": "theatres-concert-halls"},
        {"title": "The Broad", "subcategory": "museums-galleries"},
        {"title": "Staples Center", "subcategory": "stadiums-arenas"},
        {"title": "La Brea Tar Pits", "subcategory": "museums-galleries"},
        {"title": "Knott's Berry Farm", "subcategory": "theme-parks-attractions"},
        {"title": "Aquarium of the Pacific", "subcategory": "zoos-aquariums-wildlife"},
        {"title": "Beverly Hills", "subcategory": "landmarks"}
      ]
    },
    {
      "city": "San Francisco",
      "country": "United States",
      "code": "US",
      "venues": [
        {"title": "Golden Gate Bridge", "subcategory": "landmarks"},
        {"title": "Alcatraz Island", "subcategory": "landmarks"},
        {"title": "Fisherman's Wharf, San Francisco", "subcategory": "landmarks"},
        {"title": "Pier 39", "subcategory": "landmarks"},
        {"title": "Golden Gate Park", "subcategory": "parks-nature"},
        {"title": "Lombard Street", "subcategory": "landmarks"},
        {"title": "Chinatown, San Francisco", "subcategory": "landmarks"},
        {"title": "Cable car", "subcategory": "landmarks"},
        {"title": "Coit Tower", "subcategory": "landmarks"},
        {"title": "Palace of Fine Arts", "subcategory": "landmarks"},
        {"title": "San Francisco Museum of Modern Art", "subcategory": "museums-galleries"},
        {"title": "Exploratorium", "subcategory": "museums-galleries"},
        {"title": "California Academy of Sciences", "subcategory": "museums-galleries"},
        {"title": "San Francisco Zoo", "subcategory": "zoos-aquariums-wildlife"},
        {"title": "Oracle Park", "subcategory": "stadiums-arenas"},
        {"title": "de Young Museum", "subcategory": "museums-galleries"},
        {"title": "Twin Peaks, San Francisco", "subcategory": "parks-nature"},
        {"title": "Ghirardelli Square", "subcategory": "landmarks"},
        {"title": "Union Square, San Francisco", "subcategory": "landmarks"},
        {"title": "Transamerica Pyramid", "subcategory": "landmarks"}
      ]
    },
    {
      "city": "Chicago",
      "country": "United States",
      "code": "US",
      "venues": [
        {"title": "Millennium Park", "subcategory": "parks-nature"},
        {"title": "Cloud Gate", "subcategory": "landmarks"},
        {"title": "Art Institute of Chicago", "subcategory": "museums-galleries"},
        {"title": "Willis Tower", "subcategory": "landmarks"},
        {"title": "Navy Pier", "subcategory": "landmarks"},
        {"title": "Shedd Aquarium", "subcategory": "zoos-aquariums-wildlife"},
        {"title": "Field Museum of Natural History", "subcategory": "museums-galleries"},
        {"title": "Adler Planetarium", "subcategory": "museums-galleries"},
        {"title": "Lincoln Park Zoo", "subcategory": "zoos-aquariums-wildlife"},
        {"title": "Buckingham Fountain", "subcategory": "landmarks"},
        {"title": "Wrigley Field", "subcategory": "stadiums-arenas"},
        {"title": "Museum of Science and Industry", "subcategory": "museums-galleries"},
        {"title": "360 Chicago", "subcategory": "landmarks"},
        {"title": "Chicago Riverwalk", "subcategory": "landmarks"},
        {"title": "Soldier Field", "subcategory": "stadiums-arenas"},
        {"title": "Magnificent Mile", "subcategory": "landmarks"},
        {"title": "Chicago Theatre", "subcategory": "theatres-concert-halls"},
        {"title": "Grant Park", "subcategory": "parks-nature"},
        {"title": "United Center", "subcategory": "stadiums-arenas"},
        {"title": "Lincoln Park", "subcategory": "parks-nature"}
      ]
    },
    {
      "city": "Las Vegas",
      "country": "United States",
      "code": "US",
      "venues": [
        {"title": "Las Vegas Strip", "subcategory": "landmarks"},
        {"title": "Fremont Street Experience", "subcategory": "landmarks"},
        {"title": "Bellagio (resort)", "subcategory": "landmarks"},
        {"title": "Caesars Palace", "subcategory": "landmarks"},
        {"title": "The Venetian Las Vegas", "subcategory": "landmarks"},
        {"title": "High Roller (Ferris wheel)", "subcategory": "landmarks"},
        {"title": "Fountains of Bellagio", "subcategory": "landmarks"},
        {"title": "Hoover Dam", "subcategory": "landmarks"},
        {"title": "Red Rock Canyon National Conservation Area", "subcategory": "parks-nature"},
        {"title": "Grand Canyon", "subcategory": "parks-nature"},
        {"title": "Shark Reef at Mandalay Bay", "subcategory": "zoos-aquariums-wildlife"},
        {"title": "Neon Museum", "subcategory": "museums-galleries"},
        {"title": "T-Mobile Arena", "subcategory": "stadiums-arenas"},
        {"title": "Allegiant Stadium", "subcategory": "stadiums-arenas"},
        {"title": "Madame Tussauds Las Vegas", "subcategory": "museums-galleries"},
        {"title": "Mob Museum", "subcategory": "museums-galleries"},
        {"title": "Stratosphere Las Vegas", "subcategory": "landmarks"},
        {"title": "The LINQ Promenade", "subcategory": "landmarks"},
        {"title": "Cirque du Soleil", "subcategory": "theatres-concert-halls"},
        {"title": "Adventuredome", "subcategory": "theme-parks-attractions"}
      ]
    },
    {
      "city": "Orlando",
      "country": "United States",
      "code": "US",
      "venues": [
        {"title": "Walt Disney World", "subcategory": "theme-parks-attractions"},
        {"title": "Magic Kingdom", "subcategory": "theme-parks-attractions"},
        {"title": "Epcot", "subcategory": "theme-parks-attractions"},
        {"title": "Universal Orlando Resort", "subcategory": "theme-parks-attractions"},
        {"title": "Islands of Adventure", "subcategory": "theme-parks-attractions"},
        {"title": "SeaWorld Orlando", "subcategory": "theme-parks-attractions"},
        {"title": "Animal Kingdom", "subcategory": "theme-parks-attractions"},
        {"title": "Hollywood Studios", "subcategory": "theme-parks-attractions"},
        {"title": "LEGOLAND Florida", "subcategory": "theme-parks-attractions"},
        {"title": "Kennedy Space Center", "subcategory": "museums-galleries"},
        {"title": "Discovery Cove", "subcategory": "theme-parks-attractions"},
        {"title": "Gatorland", "subcategory": "zoos-aquariums-wildlife"},
        {"title": "ICON Park", "subcategory": "theme-parks-attractions"},
        {"title": "Fun Spot America", "subcategory": "theme-parks-attractions"},
        {"title": "Aquatica", "subcategory": "theme-parks-attractions"},
        {"title": "Typhoon Lagoon", "subcategory": "theme-parks-attractions"},
        {"title": "Blizzard Beach", "subcategory": "theme-parks-attractions"},
        {"title": "Volcano Bay", "subcategory": "theme-parks-attractions"},
        {"title": "Camping World Stadium", "subcategory": "stadiums-arenas"},
        {"title": "Dr. Phillips Center for the Performing Arts", "subcategory": "theatres-concert-halls"}
      ]
    },
    {
      "city": "Tokyo",
      "country": "Japan",
      "code": "JP",
      "venues": [
        {"title": "Sensō-ji", "subcategory": "landmarks"},
        {"title": "Tokyo Skytree", "subcategory": "landmarks"},
        {"title": "Tokyo Tower", "subcategory": "landmarks"},
        {"title": "Meiji Shrine", "subcategory": "landmarks"},
        {"title": "Shinjuku Gyoen", "subcategory": "parks-nature"},
        {"title": "Imperial Palace, Tokyo", "subcategory": "landmarks"},
        {"title": "Tokyo Disneyland", "subcategory": "theme-parks-attractions"},
        {"title": "Tokyo DisneySea", "subcategory": "theme-parks-attractions"},
        {"title": "Shibuya Crossing", "subcategory": "landmarks"},
        {"title": "Harajuku", "subcategory": "landmarks"},
        {"title": "Tokyo National Museum", "subcategory": "museums-galleries"},
        {"title": "Ueno Zoo", "subcategory": "zoos-aquariums-wildlife"},
        {"title": "Akihabara", "subcategory": "landmarks"},
        {"title": "Ginza", "subcategory": "landmarks"},
        {"title": "Tokyo Dome", "subcategory": "stadiums-arenas"},
        {"title": "teamLab Borderless", "subcategory": "museums-galleries"},
        {"title": "Kabuki-za", "subcategory": "theatres-concert-halls"},
        {"title": "Roppongi Hills", "subcategory": "landmarks"},
        {"title": "Odaiba", "subcategory": "landmarks"},
        {"title": "Tsukiji fish market", "subcategory": "landmarks"}
      ]
    },
    {
      "city": "Kyoto",
      "country": "Japan",
      "code": "JP",
      "venues": [
        {"title": "Fushimi Inari-taisha", "subcategory": "landmarks"},
        {"title": "Kinkaku-ji", "subcategory": "landmarks"},
        {"title": "Arashiyama Bamboo Grove", "subcategory": "parks-nature"},
        {"title": "Kiyomizu-dera", "subcategory": "landmarks"},
        {"title": "Nijō Castle", "subcategory": "landmarks"},
        {"title": "Ginkaku-ji", "subcategory": "landmarks"},
        {"title": "Gion", "subcategory": "landmarks"},
        {"title": "Kyoto Imperial Palace", "subcategory": "landmarks"},
        {"title": "Ryōan-ji", "subcategory": "landmarks"},
        {"title": "Nanzen-ji", "subcategory": "landmarks"},
        {"title": "Philosopher's Walk", "subcategory": "parks-nature"},
        {"title": "Tenryū-ji", "subcategory": "landmarks"},
        {"title": "Kyoto Railway Museum", "subcategory": "museums-galleries"},
        {"title": "Kyoto National Museum", "subcategory": "museums-galleries"},
        {"title": "Nishiki Market", "subcategory": "landmarks"},
        {"title": "Sanjūsangen-dō", "subcategory": "landmarks"},
        {"title": "Tō-ji", "subcategory": "landmarks"},
        {"title": "Kyoto Botanical Gardens", "subcategory": "parks-nature"},
        {"title": "Kyoto Aquarium", "subcategory": "zoos-aquariums-wildlife"},
        {"title": "ROHM Theatre Kyoto", "subcategory": "theatres-concert-halls"}
      ]
    },
    {
      "city": "Singapore",
      "country": "Singapore",
      "code": "SG",
      "venues": [
        {"title": "Gardens by the Bay", "subcategory": "parks-nature"},
        {"title": "Marina Bay Sands", "subcategory": "landmarks"},
        {"title": "Merlion", "subcategory": "landmarks"},
        {"title": "Sentosa", "subcategory": "theme-parks-attractions"},
        {"title": "Singapore Zoo", "subcategory": "zoos-aquariums-wildlife"},
        {"title": "Universal Studios Singapore", "subcategory": "theme-parks-attractions"},
        {"title": "Orchard Road", "subcategory": "landmarks"},
        {"title": "Chinatown, Singapore", "subcategory": "landmarks"},
        {"title": "Clarke Quay", "subcategory": "landmarks"},
        {"title": "S.E.A. Aquarium", "subcategory": "zoos-aquariums-wildlife"},
        {"title": "Singapore Botanic Gardens", "subcategory": "parks-nature"},
        {"title": "Little India, Singapore", "subcategory": "landmarks"},
        {"title": "Singapore Flyer", "subcategory": "landmarks"},
        {"title": "ArtScience Museum", "subcategory": "museums-galleries"},
        {"title": "Night Safari", "subcategory": "zoos-aquariums-wildlife"},
        {"title": "Jewel Changi Airport", "subcategory": "landmarks"},
        {"title": "National Gallery Singapore", "subcategory": "museums-galleries"},
        {"title": "Singapore Sports Hub", "subcategory": "stadiums-arenas"},
        {"title": "Esplanade – Theatres on the Bay", "subcategory": "theatres-concert-halls"},
        {"title": "Adventure Cove Waterpark", "subcategory": "theme-parks-attractions"}
      ]
    },
    {
      "city": "Hong Kong",
      "country": "Hong Kong",
      "code": "HK",
      "venues": [
        {"title": "Victoria Peak", "subcategory": "landmarks"},
        {"title": "Hong Kong Disneyland", "subcategory": "theme-parks-attractions"},
        {"title": "Ocean Park Hong Kong", "subcategory": "theme-parks-attractions"},
        {"title": "Victoria Harbour", "subcategory": "landmarks"},
        {"title": "Star Ferry", "subcategory": "landmarks"},
        {"title": "Tian Tan Buddha", "subcategory": "landmarks"},
        {"title": "Ngong Ping 360", "subcategory": "landmarks"},
        {"title": "Temple Street Night Market", "subcategory": "landmarks"},
        {"title": "Hong Kong Museum of History", "subcategory": "museums-galleries"},
        {"title": "Wong Tai Sin Temple", "subcategory": "landmarks"},
        {"title": "Tsim Sha Tsui Promenade", "subcategory": "landmarks"},
        {"title": "Ladies' Market", "subcategory": "landmarks"},
        {"title": "Lantau Island", "subcategory": "parks-nature"},
        {"title": "Sky100", "subcategory": "landmarks"},
        {"title": "Man Mo Temple", "subcategory": "landmarks"},
        {"title": "Hong Kong Stadium", "subcategory": "stadiums-arenas"},
        {"title": "Hong Kong Space Museum", "subcategory": "museums-galleries"},
        {"title": "Repulse Bay", "subcategory": "parks-nature"},
        {"title": "Hong Kong Cultural Centre", "subcategory": "theatres-concert-halls"},
        {"title": "Tai Kwun", "subcategory": "museums-galleries"}
      ]
    },
    {
      "city": "Bangkok",
      "country": "Thailand",
      "code": "TH",
      "venues": [
        {"title": "Grand Palace, Bangkok", "subcategory": "landmarks"},
        {"title": "Wat Pho", "subcategory": "landmarks"},
        {"title": "Wat Arun", "subcategory": "landmarks"},
        {"title": "Temple of the Emerald Buddha", "subcategory": "landmarks"},
        {"title": "Chatuchak Weekend Market", "subcategory": "landmarks"},
        {"title": "Khao San Road", "subcategory": "landmarks"},
        {"title": "Jim Thompson House", "subcategory": "museums-galleries"},
        {"title": "Damnoen Saduak Floating Market", "subcategory": "landmarks"},
        {"title": "Lumpini Park", "subcategory": "parks-nature"},
        {"title": "Siam Paragon", "subcategory": "landmarks"},
        {"title": "Bangkok National Museum", "subcategory": "museums-galleries"},
        {"title": "Wat Traimit", "subcategory": "landmarks"},
        {"title": "Erawan Shrine", "subcategory": "landmarks"},
        {"title": "Ayutthaya Historical Park", "subcategory": "landmarks"},
        {"title": "Safari World", "subcategory": "zoos-aquariums-wildlife"},
        {"title": "Dream World Bangkok", "subcategory": "theme-parks-attractions"},
        {"title": "SEA LIFE Bangkok Ocean World", "subcategory": "zoos-aquariums-wildlife"},
        {"title": "Dusit Zoo", "subcategory": "zoos-aquariums-wildlife"},
        {"title": "Rajamangala Stadium", "subcategory": "stadiums-arenas"},
        {"title": "Bangkok Art and Culture Centre", "subcategory": "museums-galleries"}
      ]
    },
    {
      "city": "Dubai",
      "country": "United Arab Emirates",
      "code": "AE",
      "venues": [
        {"title": "Burj Khalifa", "subcategory": "landmarks"},
        {"title": "Palm Jumeirah", "subcategory": "landmarks"},
        {"title": "Burj Al Arab", "subcategory": "landmarks"},
        {"title": "Dubai Mall", "subcategory": "landmarks"},
        {"title": "Dubai Fountain", "subcategory": "landmarks"},
        {"title": "Dubai Frame", "subcategory": "landmarks"},
        {"title": "Dubai Creek", "subcategory": "landmarks"},
        {"title": "Atlantis, The Palm", "subcategory": "theme-parks-attractions"},
        {"title": "Wild Wadi Water Park", "subcategory": "theme-parks-attractions"},
        {"title": "Dubai Aquarium", "subcategory": "zoos-aquariums-wildlife"},
        {"title": "Museum of the Future", "subcategory": "museums-galleries"},
        {"title": "Dubai Miracle Garden", "subcategory": "parks-nature"},
        {"title": "IMG Worlds of Adventure", "subcategory": "theme-parks-attractions"},
        {"title": "Global Village", "subcategory": "theme-parks-attractions"},
        {"title": "Jumeirah Beach", "subcategory": "parks-nature"},
        {"title": "Dubai Opera", "subcategory": "theatres-concert-halls"},
        {"title": "Al Fahidi Historical Neighbourhood", "subcategory": "landmarks"},
        {"title": "Gold Souk", "subcategory": "landmarks"},
        {"title": "Dubai Safari Park", "subcategory": "zoos-aquariums-wildlife"},
        {"title": "Dubai Stadium", "subcategory": "stadiums-arenas"}
      ]
    },
    {
      "city": "Istanbul",
      "country": "Turkey",
      "code": "TR",
      "venues": [
        {"title": "Hagia Sophia", "subcategory": "landmarks"},
        {"title": "Blue Mosque", "subcategory": "landmarks"},
        {"title": "Topkapi Palace", "subcategory": "landmarks"},
        {"title": "Grand Bazaar, Istanbul", "subcategory": "landmarks"},
        {"title": "Basilica Cistern", "subcategory": "landmarks"},
        {"title": "Galata Tower", "subcategory": "landmarks"},
        {"title": "Dolmabahçe Palace", "subcategory": "landmarks"},
        {"title": "Süleymaniye Mosque", "subcategory": "landmarks"},
        {"title": "Bosphorus", "subcategory": "landmarks"},
        {"title": "Spice Bazaar", "subcategory": "landmarks"},
        {"title": "Taksim Square", "subcategory": "landmarks"},
        {"title": "Galata Bridge", "subcategory": "landmarks"},
        {"title": "Istanbul Archaeology Museums", "subcategory": "museums-galleries"},
        {"title": "Maiden's Tower", "subcategory": "landmarks"},
        {"title": "Princes' Islands", "subcategory": "parks-nature"},
        {"title": "Istanbul Modern", "subcategory": "museums-galleries"},
        {"title": "Miniaturk", "subcategory": "theme-parks-attractions"},
        {"title": "SEA LIFE Istanbul", "subcategory": "zoos-aquariums-wildlife"},
        {"title": "Türk Telekom Arena", "subcategory": "stadiums-arenas"},
        {"title": "Atatürk Cultural Center", "subcategory": "theatres-concert-halls"}
      ]
    },
    {
      "city": "Cairo",
      "country": "Egypt",
      "code": "EG",
      "venues": [
        {"title": "Great Pyramid of Giza", "subcategory": "landmarks"},
        {"title": "Great Sphinx of Giza", "subcategory": "landmarks"},
        {"title": "Egyptian Museum", "subcategory": "museums-galleries"},
        {"title": "Khan el-Khalili", "subcategory": "landmarks"},
        {"title": "Al-Azhar Mosque", "subcategory": "landmarks"},
        {"title": "Cairo Citadel", "subcategory": "landmarks"},
        {"title": "Mosque of Muhammad Ali", "subcategory": "landmarks"},
        {"title": "Coptic Cairo", "subcategory": "landmarks"},
        {"title": "Cairo Tower", "subcategory": "landmarks"},
        {"title": "Al-Azhar Park", "subcategory": "parks-nature"},
        {"title": "Grand Egyptian Museum", "subcategory": "museums-galleries"},
        {"title": "Memphis, Egypt", "subcategory": "landmarks"},
        {"title": "Saqqara", "subcategory": "landmarks"},
        {"title": "Step Pyramid of Djoser", "subcategory": "landmarks"},
        {"title": "Hanging Church", "subcategory": "landmarks"},
        {"title": "Cairo Opera House", "subcategory": "theatres-concert-halls"},
        {"title": "Giza Zoo", "subcategory": "zoos-aquariums-wildlife"},
        {"title": "Baron Empain Palace", "subcategory": "landmarks"},
        {"title": "Cairo International Stadium", "subcategory": "stadiums-arenas"},
        {"title": "Museum of Islamic Art, Cairo", "subcategory": "museums-galleries"}
      ]
    },
    {
      "city": "Cape Town",
      "country": "South Africa",
      "code": "ZA",
      "venues": [
        {"title": "Table Mountain", "subcategory": "parks-nature"},
        {"title": "V&A Waterfront", "subcategory": "landmarks"},
        {"title": "Robben Island", "subcategory": "landmarks"},
        {"title": "Cape of Good Hope", "subcategory": "parks-nature"},
        {"title": "Kirstenbosch National Botanical Garden", "subcategory": "parks-nature"},
        {"title": "Boulders Beach", "subcategory": "parks-nature"},
        {"title": "Lion's Head", "subcategory": "parks-nature"},
        {"title": "Two Oceans Aquarium", "subcategory": "zoos-aquariums-wildlife"},
        {"title": "Bo-Kaap", "subcategory": "landmarks"},
        {"title": "Camps Bay", "subcategory": "parks-nature"},
        {"title": "Chapman's Peak", "subcategory": "parks-nature"},
        {"title": "Castle of Good Hope", "subcategory": "landmarks"},
        {"title": "District Six Museum", "subcategory": "museums-galleries"},
        {"title": "Groot Constantia", "subcategory": "landmarks"},
        {"title": "Clifton Beaches", "subcategory": "parks-nature"},
        {"title": "Signal Hill", "subcategory": "parks-nature"},
        {"title": "Cape Town Stadium", "subcategory": "stadiums-arenas"},
        {"title": "Zeitz MOCAA", "subcategory": "museums-galleries"},
        {"title": "Artscape Theatre Centre", "subcategory": "theatres-concert-halls"},
        {"title": "World of Birds Wildlife Sanctuary", "subcategory": "zoos-aquariums-wildlife"}
      ]
    },
    {
      "city": "Rio de Janeiro",
      "country": "Brazil",
      "code": "BR",
      "venues": [
        {"title": "Christ the Redeemer", "subcategory": "landmarks"},
        {"title": "Sugarloaf Mountain", "subcategory": "landmarks"},
        {"title": "Copacabana Beach", "subcategory": "parks-nature"},
        {"title": "Ipanema Beach", "subcategory": "parks-nature"},
        {"title": "Maracanã Stadium", "subcategory": "stadiums-arenas"},
        {"title": "Escadaria Selarón", "subcategory": "landmarks"},
        {"title": "Tijuca National Park", "subcategory": "parks-nature"},
        {"title": "Lapa, Rio de Janeiro", "subcategory": "landmarks"},
        {"title": "Santa Teresa, Rio de Janeiro", "subcategory": "landmarks"},
        {"title": "Botanical Garden of Rio de Janeiro", "subcategory": "parks-nature"},
        {"title": "Museum of Tomorrow", "subcategory": "museums-galleries"},
        {"title": "Corcovado", "subcategory": "parks-nature"},
        {"title": "Niterói Contemporary Art Museum", "subcategory": "museums-galleries"},
        {"title": "Pedra da Gávea", "subcategory": "parks-nature"},
        {"title": "Arcos da Lapa", "subcategory": "landmarks"},
        {"title": "Municipal Theatre of Rio de Janeiro", "subcategory": "theatres-concert-halls"},
        {"title": "National Museum of Brazil", "subcategory": "museums-galleries"},
        {"title": "Rio de Janeiro Zoo", "subcategory": "zoos-aquariums-wildlife"},
        {"title": "Sambadrome Marquês de Sapucaí", "subcategory": "stadiums-arenas"},
        {"title": "Forte de Copacabana", "subcategory": "landmarks"}
      ]
    },
    {
      "city": "Buenos Aires",
      "country": "Argentina",
      "code": "AR",
      "venues": [
        {"title": "Casa Rosada", "subcategory": "landmarks"},
        {"title": "La Boca", "subcategory": "landmarks"},
        {"title": "Recoleta Cemetery", "subcategory": "landmarks"},
        {"title": "Plaza de Mayo", "subcategory": "landmarks"},
        {"title": "Obelisco de Buenos Aires", "subcategory": "landmarks"},
        {"title": "Teatro Colón", "subcategory": "theatres-concert-halls"},
        {"title": "San Telmo, Buenos Aires", "subcategory": "landmarks"},
        {"title": "Caminito", "subcategory": "landmarks"},
        {"title": "Puerto Madero", "subcategory": "landmarks"},
        {"title": "Palermo, Buenos Aires", "subcategory": "landmarks"},
        {"title": "Museo de Arte Latinoamericano de Buenos Aires", "subcategory": "museums-galleries"},
        {"title": "El Ateneo Grand Splendid", "subcategory": "landmarks"},
        {"title": "National Museum of Fine Arts", "subcategory": "museums-galleries"},
        {"title": "Bosques de Palermo", "subcategory": "parks-nature"},
        {"title": "Japanese Garden, Buenos Aires", "subcategory": "parks-nature"},
        {"title": "Buenos Aires Zoo", "subcategory": "zoos-aquariums-wildlife"},
        {"title": "La Bombonera", "subcategory": "stadiums-arenas"},
        {"title": "Estadio Monumental Antonio Vespucio Liberti", "subcategory": "stadiums-arenas"},
        {"title": "Floralis Generica", "subcategory": "landmarks"},
        {"title": "Tierra Santa", "subcategory": "theme-parks-attractions"}
      ]
    },
    {
      "city": "Mexico City",
      "country": "Mexico",
      "code": "MX",
      "venues": [
        {"title": "Teotihuacan", "subcategory": "landmarks"},
        {"title": "Zócalo, Mexico City", "subcategory": "landmarks"},
        {"title": "Palacio de Bellas Artes", "subcategory": "theatres-concert-halls"},
        {"title": "National Museum of Anthropology", "subcategory": "museums-galleries"},
        {"title": "Chapultepec Castle", "subcategory": "landmarks"},
        {"title": "Coyoacán", "subcategory": "landmarks"},
        {"title": "Frida Kahlo Museum", "subcategory": "museums-galleries"},
        {"title": "Metropolitan Cathedral of the Assumption of the Most Blessed Virgin Mary into Heaven", "subcategory": "landmarks"},
        {"title": "Xochimilco", "subcategory": "parks-nature"},
        {"title": "Bosque de Chapultepec", "subcategory": "parks-nature"},
        {"title": "Templo Mayor", "subcategory": "landmarks"},
        {"title": "Torre Latinoamericana", "subcategory": "landmarks"},
        {"title": "Museo Soumaya", "subcategory": "museums-galleries"},
        {"title": "Chapultepec Zoo", "subcategory": "zoos-aquariums-wildlife"},
        {"title": "Six Flags Mexico", "subcategory": "theme-parks-attractions"},
        {"title": "Angel of Independence", "subcategory": "landmarks"},
        {"title": "Estadio Azteca", "subcategory": "stadiums-arenas"},
        {"title": "Plaza Garibaldi", "subcategory": "landmarks"},
        {"title": "National Palace", "subcategory": "landmarks"},
        {"title": "Museo Nacional de Arte", "subcategory": "museums-galleries"}
      ]
    },
    {
      "city": "Toronto",
      "country": "Canada",
      "code": "CA",
      "venues": [
        {"title": "CN Tower", "subcategory": "landmarks"},
        {"title": "Royal Ontario Museum", "subcategory": "museums-galleries"},
        {"title": "Ripley's Aquarium of Canada", "subcategory": "zoos-aquariums-wildlife"},
        {"title": "Art Gallery of Ontario", "subcategory": "museums-galleries"},
        {"title": "Toronto Islands", "subcategory": "parks-nature"},
        {"title": "Casa Loma", "subcategory": "landmarks"},
        {"title": "St. Lawrence Market", "subcategory": "landmarks"},
        {"title": "Hockey Hall of Fame", "subcategory": "museums-galleries"},
        {"title": "Distillery District", "subcategory": "landmarks"},
        {"title": "Toronto Zoo", "subcategory": "zoos-aquariums-wildlife"},
        {"title": "Rogers Centre", "subcategory": "stadiums-arenas"},
        {"title": "Scotiabank Arena", "subcategory": "stadiums-arenas"},
        {"title": "Kensington Market", "subcategory": "landmarks"},
        {"title": "High Park", "subcategory": "parks-nature"},
        {"title": "Nathan Phillips Square", "subcategory": "landmarks"},
        {"title": "Ontario Science Centre", "subcategory": "museums-galleries"},
        {"title": "Eaton Centre", "subcategory": "landmarks"},
        {"title": "Four Seasons Centre for the Performing Arts", "subcategory": "theatres-concert-halls"},
        {"title": "Bata Shoe Museum", "subcategory": "museums-galleries"},
        {"title": "Canada's Wonderland", "subcategory": "theme-parks-attractions"}
      ]
    },
    {
      "city": "Seoul",
      "country": "South Korea",
      "code": "KR",
      "venues": [
        {"title": "Gyeongbokgung", "subcategory": "landmarks"},
        {"title": "N Seoul Tower", "subcategory": "landmarks"},
        {"title": "Bukchon Hanok Village", "subcategory": "landmarks"},
        {"title": "Changdeokgung", "subcategory": "landmarks"},
        {"title": "Myeongdong", "subcategory": "landmarks"},
        {"title": "Dongdaemun Design Plaza", "subcategory": "landmarks"},
        {"title": "Hongdae", "subcategory": "landmarks"},
        {"title": "Insadong", "subcategory": "landmarks"},
        {"title": "Lotte World", "subcategory": "theme-parks-attractions"},
        {"title": "Everland", "subcategory": "theme-parks-attractions"},
        {"title": "National Museum of Korea", "subcategory": "museums-galleries"},
        {"title": "War Memorial of Korea", "subcategory": "museums-galleries"},
        {"title": "Cheonggyecheon", "subcategory": "parks-nature"},
        {"title": "Namdaemun Market", "subcategory": "landmarks"},
        {"title": "Seoul Grand Park", "subcategory": "parks-nature"},
        {"title": "COEX Mall", "subcategory": "landmarks"},
        {"title": "Jongmyo Shrine", "subcategory": "landmarks"},
        {"title": "Seoul Olympic Stadium", "subcategory": "stadiums-arenas"},
        {"title": "Seoul Arts Center", "subcategory": "theatres-concert-halls"},
        {"title": "Gangnam", "subcategory": "landmarks"}
      ]
    },
    {
      "city": "Beijing",
      "country": "China",
      "code": "CN",
      "venues": [
        {"title": "Forbidden City", "subcategory": "landmarks"},
        {"title": "Great Wall of China", "subcategory": "landmarks"},
        {"title": "Tiananmen Square", "subcategory": "landmarks"},
        {"title": "Temple of Heaven", "subcategory": "landmarks"},
        {"title": "Summer Palace", "subcategory": "landmarks"},
        {"title": "Ming Tombs", "subcategory": "landmarks"},
        {"title": "Beihai Park", "subcategory": "parks-nature"},
        {"title": "Jingshan Park", "subcategory": "parks-nature"},
        {"title": "Beijing National Stadium", "subcategory": "stadiums-arenas"},
        {"title": "798 Art Zone", "subcategory": "museums-galleries"},
        {"title": "Lama Temple", "subcategory": "landmarks"},
        {"title": "Nanluoguxiang", "subcategory": "landmarks"},
        {"title": "National Museum of China", "subcategory": "museums-galleries"},
        {"title": "Beijing Zoo", "subcategory": "zoos-aquariums-wildlife"},
        {"title": "Happy Valley Beijing", "subcategory": "theme-parks-attractions"},
        {"title": "Beijing Aquarium", "subcategory": "zoos-aquariums-wildlife"},
        {"title": "National Centre for the Performing Arts", "subcategory": "theatres-concert-halls"},
        {"title": "Drum Tower of Beijing", "subcategory": "landmarks"},
        {"title": "Hutong", "subcategory": "landmarks"},
        {"title": "Olympic Green", "subcategory": "parks-nature"}
      ]
    },
    {
      "city": "Shanghai",
      "country": "China",
      "code": "CN",
      "venues": [
        {"title": "The Bund", "subcategory": "landmarks"},
        {"title": "Oriental Pearl Tower", "subcategory": "landmarks"},
        {"title": "Yu Garden", "subcategory": "parks-nature"},
        {"title": "Shanghai Tower", "subcategory": "landmarks"},
        {"title": "Shanghai Disneyland", "subcategory": "theme-parks-attractions"},
        {"title": "Shanghai Museum", "subcategory": "museums-galleries"},
        {"title": "Nanjing Road", "subcategory": "landmarks"},
        {"title": "Pudong", "subcategory": "landmarks"},
        {"title": "Jade Buddha Temple", "subcategory": "landmarks"},
        {"title": "Zhujiajiao", "subcategory": "landmarks"},
        {"title": "Shanghai World Financial Center", "subcategory": "landmarks"},
        {"title": "People's Square, Shanghai", "subcategory": "landmarks"},
        {"title": "Tianzifang", "subcategory": "landmarks"},
        {"title": "Shanghai Ocean Aquarium", "subcategory": "zoos-aquariums-wildlife"},
        {"title": "Shanghai Wild Animal Park", "subcategory": "zoos-aquariums-wildlife"},
        {"title": "Happy Valley Shanghai", "subcategory": "theme-parks-attractions"},
        {"title": "Shanghai Grand Theatre", "subcategory": "theatres-concert-halls"},
        {"title": "Shanghai Stadium", "subcategory": "stadiums-arenas"},
        {"title": "Jing'an Temple", "subcategory": "landmarks"},
        {"title": "French Concession, Shanghai", "subcategory": "landmarks"}
      ]
    },
    {
      "city": "Moscow",
      "country": "Russia",
      "code": "RU",
      "venues": [
        {"title": "Red Square", "subcategory": "landmarks"},
        {"title": "Moscow Kremlin", "subcategory": "landmarks"},
        {"title": "Saint Basil's Cathedral", "subcategory": "landmarks"},
        {"title": "Lenin's Mausoleum", "subcategory": "landmarks"},
        {"title": "GUM (department store)", "subcategory": "landmarks"},
        {"title": "State Historical Museum", "subcategory": "museums-galleries"},
        {"title": "Bolshoi Theatre", "subcategory": "theatres-concert-halls"},
        {"title": "Tretyakov Gallery", "subcategory": "museums-galleries"},
        {"title": "Moscow Metro", "subcategory": "landmarks"},
        {"title": "Gorky Park", "subcategory": "parks-nature"},
        {"title": "Cathedral of Christ the Saviour", "subcategory": "landmarks"},
        {"title": "Arbat Street", "subcategory": "landmarks"},
        {"title": "Sparrow Hills", "subcategory": "parks-nature"},
        {"title": "Moscow Zoo", "subcategory": "zoos-aquariums-wildlife"},
        {"title": "Luzhniki Stadium", "subcategory": "stadiums-arenas"},
        {"title": "VDNKh", "subcategory": "landmarks"},
        {"title": "Novodevichy Convent", "subcategory": "landmarks"},
        {"title": "Pushkin Museum", "subcategory": "museums-galleries"},
        {"title": "Tsaritsyno", "subcategory": "parks-nature"},
        {"title": "Izmailovo Kremlin", "subcategory": "landmarks"}
      ]
    },
    {
      "city": "Mumbai",
      "country": "India",
      "code": "IN",
      "venues": [
        {"title": "Gateway of India", "subcategory": "landmarks"},
        {"title": "Chhatrapati Shivaji Terminus", "subcategory": "landmarks"},
        {"title": "Elephanta Caves", "subcategory": "landmarks"},
        {"title": "Marine Drive, Mumbai", "subcategory": "landmarks"},
        {"title": "Siddhivinayak Temple", "subcategory": "landmarks"},
        {"title": "Haji Ali Dargah", "subcategory": "landmarks"},
        {"title": "Juhu Beach", "subcategory": "parks-nature"},
        {"title": "Dhobi Ghat", "subcategory": "landmarks"},
        {"title": "Chhatrapati Shivaji Maharaj Vastu Sangrahalaya", "subcategory": "museums-galleries"},
        {"title": "Sanjay Gandhi National Park", "subcategory": "parks-nature"},
        {"title": "Colaba Causeway", "subcategory": "landmarks"},
        {"title": "Mani Bhavan", "subcategory": "museums-galleries"},
        {"title": "Bandra Worli Sea Link", "subcategory": "landmarks"},
        {"title": "Rajabai Clock Tower", "subcategory": "landmarks"},
        {"title": "Nehru Science Centre", "subcategory": "museums-galleries"},
        {"title": "Prithvi Theatre", "subcategory": "theatres-concert-halls"},
        {"title": "EsselWorld", "subcategory": "theme-parks-attractions"},
        {"title": "Water Kingdom", "subcategory": "theme-parks-attractions"},
        {"title": "Wankhede Stadium", "subcategory": "stadiums-arenas"},
        {"title": "Mumbai Zoo", "subcategory": "zoos-aquariums-wildlife"}
      ]
    },
    {
      "city": "Marrakech",
      "country": "Morocco",
      "code": "MA",
      "venues": [
        {"title": "Jemaa el-Fnaa", "subcategory": "landmarks"},
        {"title": "Koutoubia Mosque", "subcategory": "landmarks"},
        {"title": "Bahia Palace", "subcategory": "landmarks"},
        {"title": "Majorelle Garden", "subcategory": "parks-nature"},
        {"title": "Ben Youssef Madrasa", "subcategory": "landmarks"},
        {"title": "Saadian Tombs", "subcategory": "landmarks"},
        {"title": "El Badi Palace", "subcategory": "landmarks"},
        {"title": "Medina of Marrakesh", "subcategory": "landmarks"},
        {"title": "Menara Gardens", "subcategory": "parks-nature"},
        {"title": "Dar Si Said Museum", "subcategory": "museums-galleries"},
        {"title": "Marrakech Museum", "subcategory": "museums-galleries"},
        {"title": "Yves Saint Laurent Museum", "subcategory": "museums-galleries"},
        {"title": "Agdal Gardens", "subcategory": "parks-nature"},
        {"title": "Maison de la Photographie", "subcategory": "museums-galleries"},
        {"title": "Mellah, Marrakech", "subcategory": "landmarks"},
        {"title": "Souk Semmarine", "subcategory": "landmarks"},
        {"title": "Almoravid Koubba", "subcategory": "landmarks"},
        {"title": "Palmeraie, Marrakech", "subcategory": "parks-nature"},
        {"title": "Royal Theatre of Marrakech", "subcategory": "theatres-concert-halls"},
        {"title": "Grand Stade de Marrakech", "subcategory": "stadiums-arenas"}
      ]
    }
  ]
}
